device_timestamp_us,host_timestamp_utc,event_type,detector,state,envelope_voltage,marker_id,phase,trial,prescribed_intensity,message
5295575141,2026-09-16T21:12:22.079391+00:00,PHASE_MARKER,system,,,1,calibration_rest,0,,
5305645628,2026-09-16T21:12:32.046910+00:00,EMG_CALIBRATION_DONE,system,REST,0.01828675079345703,,,,,
5309512692,2026-09-16T21:12:35.959456+00:00,CONTRACTION_START,fixed,ACTIVE,1.174912353515625,,,,,
5309512710,2026-09-16T21:12:36.002581+00:00,CONTRACTION_START,adaptive,ACTIVE,1.174912353515625,,,,,
5311532771,2026-09-16T21:12:37.950959+00:00,CONTRACTION_RELEASE,fixed,REFRACTORY,0.03199407958984375,,,,,
5311532783,2026-09-16T21:12:37.972816+00:00,CONTRACTION_RELEASE,adaptive,REFRACTORY,0.03199407958984375,,,,,
5317694331,2026-09-16T21:12:44.139712+00:00,CONTRACTION_START,adaptive,ACTIVE,0.97102783203125,,,,,
5317695524,2026-09-16T21:12:44.153274+00:00,CONTRACTION_START,fixed,ACTIVE,0.9726212158203125,,,,,
5319492705,2026-09-16T21:12:45.931358+00:00,CONTRACTION_RELEASE,fixed,REFRACTORY,0.03523946762084961,,,,,
5319494652,2026-09-16T21:12:45.946637+00:00,CONTRACTION_RELEASE,adaptive,REFRACTORY,0.03474221420288086,,,,,
5325367781,2026-09-16T21:12:51.784456+00:00,CONTRACTION_START,adaptive,ACTIVE,0.25306590270996093,,,,,
5325369007,2026-09-16T21:12:51.810200+00:00,CONTRACTION_START,fixed,ACTIVE,0.253056396484375,,,,,
5327639114,2026-09-16T21:12:54.123573+00:00,CONTRACTION_RELEASE,fixed,REFRACTORY,0.04327526092529297,,,,,
5327640342,2026-09-16T21:12:54.141410+00:00,CONTRACTION_RELEASE,adaptive,REFRACTORY,0.04449988174438477,,,,,
5333955382,2026-09-16T21:13:00.421166+00:00,CONTRACTION_START,fixed,ACTIVE,0.9725680541992188,,,,,
5333955403,2026-09-16T21:13:00.441511+00:00,CONTRACTION_START,adaptive,ACTIVE,0.9725680541992188,,,,,
5335973196,2026-09-16T21:13:02.406284+00:00,CONTRACTION_RELEASE,fixed,REFRACTORY,0.03108394241333008,,,,,
5335973212,2026-09-16T21:13:02.426340+00:00,CONTRACTION_RELEASE,adaptive,REFRACTORY,0.03108394241333008,,,,,
5341964956,2026-09-16T21:13:08.425990+00:00,CONTRACTION_START,fixed,ACTIVE,1.0426221923828125,,,,,
5341964975,2026-09-16T21:13:08.451827+00:00,CONTRACTION_START,adaptive,ACTIVE,1.0426221923828125,,,,,
5344563691,2026-09-16T21:13:11.031890+00:00,CONTRACTION_RELEASE,fixed,REFRACTORY,0.028089458465576173,,,,,
5344563710,2026-09-16T21:13:11.052529+00:00,CONTRACTION_RELEASE,adaptive,REFRACTORY,0.028089458465576173,,,,,
5350217600,2026-09-16T21:13:16.665264+00:00,CONTRACTION_START,fixed,ACTIVE,0.11982011413574219,,,,,
5350217619,2026-09-16T21:13:16.684621+00:00,CONTRACTION_START,adaptive,ACTIVE,0.11982011413574219,,,,,
5352616870,2026-09-16T21:13:19.113361+00:00,CONTRACTION_RELEASE,fixed,REFRACTORY,0.02525144958496094,,,,,
5352616888,2026-09-16T21:13:19.127273+00:00,CONTRACTION_RELEASE,adaptive,REFRACTORY,0.02525144958496094,,,,,
5358229495,2026-09-16T21:13:24.678392+00:00,CONTRACTION_START,fixed,ACTIVE,0.18709552001953125,,,,,
5358229516,2026-09-16T21:13:24.716705+00:00,CONTRACTION_START,adaptive,ACTIVE,0.18709552001953125,,,,,
5360339191,2026-09-16T21:13:26.764224+00:00,CONTRACTION_RELEASE,fixed,REFRACTORY,0.034563720703125,,,,,
5360339208,2026-09-16T21:13:26.781916+00:00,CONTRACTION_RELEASE,adaptive,REFRACTORY,0.034563720703125,,,,,
5366513869,2026-09-16T21:13:32.984348+00:00,CONTRACTION_START,fixed,ACTIVE,0.3733017578125,,,,,
5366513887,2026-09-16T21:13:33.003470+00:00,CONTRACTION_START,adaptive,ACTIVE,0.3733017578125,,,,,
5368626724,2026-09-16T21:13:35.078624+00:00,CONTRACTION_RELEASE,adaptive,REFRACTORY,0.05354302978515625,,,,,
5369009340,2026-09-16T21:13:35.423930+00:00,CONTRACTION_RELEASE,fixed,REFRACTORY,0.02860878562927246,,,,,
5375083314,2026-09-16T21:13:41.495575+00:00,CONTRACTION_START,fixed,ACTIVE,0.9247852172851563,,,,,
5375083930,2026-09-16T21:13:41.514611+00:00,CONTRACTION_START,adaptive,ACTIVE,0.9254793090820312,,,,,
5376832810,2026-09-16T21:13:43.257337+00:00,CONTRACTION_RELEASE,adaptive,REFRACTORY,0.022933687210083008,,,,,
5376837509,2026-09-16T21:13:43.277357+00:00,CONTRACTION_RELEASE,fixed,REFRACTORY,0.023244834899902343,,,,,
5383274711,2026-09-16T21:13:49.774577+00:00,CONTRACTION_START,fixed,ACTIVE,0.9962680053710937,,,,,
5383283472,2026-09-16T21:13:49.793942+00:00,CONTRACTION_START,adaptive,ACTIVE,1.030731689453125,,,,,
5385193334,2026-09-16T21:13:51.735948+00:00,CONTRACTION_RELEASE,adaptive,REFRACTORY,0.05317460250854492,,,,,
5385333253,2026-09-16T21:13:51.881624+00:00,CONTRACTION_RELEASE,fixed,REFRACTORY,0.03401098251342773,,,,,
5391678550,2026-09-16T21:13:58.079671+00:00,CONTRACTION_START,fixed,ACTIVE,0.8441804809570312,,,,,
5391679792,2026-09-16T21:13:58.096547+00:00,CONTRACTION_START,adaptive,ACTIVE,0.8475560302734375,,,,,
5393633873,2026-09-16T21:14:00.195993+00:00,CONTRACTION_RELEASE,adaptive,REFRACTORY,0.022824520111083983,,,,,
5393634790,2026-09-16T21:14:00.240027+00:00,CONTRACTION_RELEASE,fixed,REFRACTORY,0.02289067840576172,,,,,
5399826539,2026-09-16T21:14:06.249821+00:00,CONTRACTION_START,fixed,ACTIVE,1.1883743896484376,,,,,
5399827756,2026-09-16T21:14:06.268550+00:00,CONTRACTION_START,adaptive,ACTIVE,1.189275634765625,,,,,
5401858284,2026-09-16T21:14:08.263254+00:00,CONTRACTION_RELEASE,adaptive,REFRACTORY,0.05149348068237305,,,,,
5402044381,2026-09-16T21:14:08.677958+00:00,CONTRACTION_RELEASE,fixed,REFRACTORY,0.033458450317382815,,,,,
5408084998,2026-09-16T21:14:14.505287+00:00,CONTRACTION_START,fixed,ACTIVE,1.05350634765625,,,,,
5408087320,2026-09-16T21:14:14.523106+00:00,CONTRACTION_START,adaptive,ACTIVE,1.05042626953125,,,,,
5409945785,2026-09-16T21:14:16.458882+00:00,CONTRACTION_RELEASE,adaptive,REFRACTORY,0.047658416748046876,,,,,
5410242692,2026-09-16T21:14:16.779168+00:00,CONTRACTION_RELEASE,fixed,REFRACTORY,0.029342920303344726,,,,,
5416252752,2026-09-16T21:14:22.802731+00:00,CONTRACTION_START,fixed,ACTIVE,1.196475830078125,,,,,
5416253386,2026-09-16T21:14:22.827439+00:00,CONTRACTION_START,adaptive,ACTIVE,1.2030164794921876,,,,,
5418231012,2026-09-16T21:14:24.663031+00:00,CONTRACTION_RELEASE,adaptive,REFRACTORY,0.049069541931152344,,,,,
5418233962,2026-09-16T21:14:24.676765+00:00,CONTRACTION_RELEASE,fixed,REFRACTORY,0.049292247772216795,,,,,
5418654363,2026-09-16T21:14:25.173546+00:00,CONTRACTION_START,fixed,ACTIVE,0.08615145874023437,,,,,
5418773551,2026-09-16T21:14:25.208639+00:00,CONTRACTION_START,adaptive,ACTIVE,0.1161471176147461,,,,,
5419263907,2026-09-16T21:14:25.746212+00:00,CONTRACTION_RELEASE,adaptive,REFRACTORY,0.03419767379760742,,,,,
5419280029,2026-09-16T21:14:25.760410+00:00,CONTRACTION_RELEASE,fixed,REFRACTORY,0.020657873153686526,,,,,
5419666140,2026-09-16T21:14:26.087268+00:00,CONTRACTION_START,adaptive,ACTIVE,0.1869869384765625,,,,,
5419683322,2026-09-16T21:14:26.101986+00:00,CONTRACTION_START,fixed,ACTIVE,0.17050767517089843,,,,,
5420552692,2026-09-16T21:14:27.003083+00:00,CONTRACTION_RELEASE,fixed,REFRACTORY,0.036113235473632814,,,,,
5420552710,2026-09-16T21:14:27.025427+00:00,CONTRACTION_RELEASE,adaptive,REFRACTORY,0.036113235473632814,,,,,
5424594948,2026-09-16T21:14:31.136573+00:00,CONTRACTION_START,fixed,ACTIVE,0.13798121643066408,,,,,
5424605413,2026-09-16T21:14:31.158304+00:00,CONTRACTION_START,adaptive,ACTIVE,0.15448506164550782,,,,,
5426858131,2026-09-16T21:14:33.308628+00:00,CONTRACTION_RELEASE,adaptive,REFRACTORY,0.04228846740722656,,,,,
5426879066,2026-09-16T21:14:33.322222+00:00,CONTRACTION_RELEASE,fixed,REFRACTORY,0.04641242218017578,,,,,
5429911073,2026-09-16T21:14:36.392404+00:00,CONTRACTION_START,fixed,ACTIVE,0.09153046417236328,,,,,
5429950565,2026-09-16T21:14:36.418665+00:00,CONTRACTION_START,adaptive,ACTIVE,0.09987830352783203,,,,,
5430773997,2026-09-16T21:14:37.211689+00:00,CONTRACTION_RELEASE,adaptive,REFRACTORY,0.04402164077758789,,,,,
5430777445,2026-09-16T21:14:37.232594+00:00,CONTRACTION_RELEASE,fixed,REFRACTORY,0.04224324417114258,,,,,
5432927834,2026-09-16T21:14:39.485501+00:00,CONTRACTION_START,fixed,ACTIVE,0.1318272247314453,,,,,
5432930180,2026-09-16T21:14:39.506680+00:00,CONTRACTION_START,adaptive,ACTIVE,0.12495355987548828,,,,,
5435673873,2026-09-16T21:14:42.211521+00:00,CONTRACTION_RELEASE,adaptive,REFRACTORY,0.024016769409179687,,,,,
5435685325,2026-09-16T21:14:42.230096+00:00,CONTRACTION_RELEASE,fixed,REFRACTORY,0.019606931686401367,,,,,
5436076072,2026-09-16T21:14:42.569427+00:00,CONTRACTION_START,adaptive,ACTIVE,0.21276123046875,,,,,
5436086584,2026-09-16T21:14:42.589103+00:00,CONTRACTION_START,fixed,ACTIVE,0.21926617431640624,,,,,
5437129754,2026-09-16T21:14:43.574642+00:00,CONTRACTION_RELEASE,adaptive,REFRACTORY,0.02382050895690918,,,,,
5437172757,2026-09-16T21:14:43.746090+00:00,CONTRACTION_RELEASE,fixed,REFRACTORY,0.03302401733398438,,,,,
5441093252,2026-09-16T21:14:47.631077+00:00,CONTRACTION_START,fixed,ACTIVE,0.12170575714111329,,,,,
5441106045,2026-09-16T21:14:47.672078+00:00,CONTRACTION_START,adaptive,ACTIVE,0.11281900787353516,,,,,
5444081015,2026-09-16T21:14:50.564201+00:00,CONTRACTION_RELEASE,adaptive,REFRACTORY,0.02634143829345703,,,,,
5444103056,2026-09-16T21:14:50.579048+00:00,CONTRACTION_RELEASE,fixed,REFRACTORY,0.037577938079833985,,,,,
5444483443,2026-09-16T21:14:50.961125+00:00,CONTRACTION_START,adaptive,ACTIVE,0.20462075805664062,,,,,
5444503761,2026-09-16T21:14:50.976867+00:00,CONTRACTION_START,fixed,ACTIVE,0.20525337219238282,,,,,
5445576615,2026-09-16T21:14:52.072230+00:00,CONTRACTION_RELEASE,adaptive,REFRACTORY,0.02025682258605957,,,,,
5445596469,2026-09-16T21:14:52.109656+00:00,CONTRACTION_RELEASE,fixed,REFRACTORY,0.011066999435424805,,,,,
5446302691,2026-09-16T21:14:52.788576+00:00,CONTRACTION_START,fixed,ACTIVE,0.07824092102050781,,,,,
5446908249,2026-09-16T21:14:53.352079+00:00,CONTRACTION_RELEASE,fixed,REFRACTORY,0.0446435546875,,,,,
5449306367,2026-09-16T21:14:55.770525+00:00,CONTRACTION_START,fixed,ACTIVE,0.36827392578125,,,,,
5449313936,2026-09-16T21:14:55.791955+00:00,CONTRACTION_START,adaptive,ACTIVE,0.36265155029296875,,,,,
5451435811,2026-09-16T21:14:57.899790+00:00,CONTRACTION_RELEASE,adaptive,REFRACTORY,0.060246429443359374,,,,,
5451563912,2026-09-16T21:14:58.077045+00:00,CONTRACTION_RELEASE,fixed,REFRACTORY,0.04753056335449219,,,,,
5452684912,2026-09-16T21:14:59.180882+00:00,CONTRACTION_START,fixed,ACTIVE,0.11092060852050782,,,,,
5452726746,2026-09-16T21:14:59.223462+00:00,CONTRACTION_START,adaptive,ACTIVE,0.13354373168945313,,,,,
5453493801,2026-09-16T21:14:59.946579+00:00,CONTRACTION_RELEASE,adaptive,REFRACTORY,0.049710128784179686,,,,,
5453894427,2026-09-16T21:15:00.302294+00:00,CONTRACTION_START,adaptive,ACTIVE,0.41316693115234376,,,,,
5454838762,2026-09-16T21:15:01.375486+00:00,CONTRACTION_RELEASE,adaptive,REFRACTORY,0.057157344818115234,,,,,
5455239991,2026-09-16T21:15:01.690330+00:00,CONTRACTION_START,adaptive,ACTIVE,0.20643605041503907,,,,,
5456035495,2026-09-16T21:15:02.461480+00:00,CONTRACTION_RELEASE,adaptive,REFRACTORY,0.026235198974609377,,,,,
5456073317,2026-09-16T21:15:02.641786+00:00,CONTRACTION_RELEASE,fixed,REFRACTORY,0.032111026763916015,,,,,
5457662691,2026-09-16T21:15:04.133764+00:00,CONTRACTION_START,fixed,ACTIVE,0.66640087890625,,,,,
5457663982,2026-09-16T21:15:04.156316+00:00,CONTRACTION_START,adaptive,ACTIVE,0.6711231689453125,,,,,
5459787329,2026-09-16T21:15:06.307329+00:00,CONTRACTION_RELEASE,adaptive,REFRACTORY,0.06942535400390625,,,,,
5459921080,2026-09-16T21:15:06.595492+00:00,CONTRACTION_RELEASE,fixed,REFRACTORY,0.04124583435058594,,,,,
5465982706,2026-09-16T21:15:12.500801+00:00,CONTRACTION_START,fixed,ACTIVE,1.0930804443359374,,,,,
5465986181,2026-09-16T21:15:12.523057+00:00,CONTRACTION_START,adaptive,ACTIVE,1.0887762451171876,,,,,
5467157235,2026-09-16T21:15:13.639000+00:00,CONTRACTION_RELEASE,adaptive,REFRACTORY,0.03508495712280273,,,,,
5467164288,2026-09-16T21:15:13.657388+00:00,CONTRACTION_RELEASE,fixed,REFRACTORY,0.04074403381347656,,,,,
5469993309,2026-09-16T21:15:16.439199+00:00,CONTRACTION_START,fixed,ACTIVE,0.0865638656616211,,,,,
5470306655,2026-09-16T21:15:16.842189+00:00,CONTRACTION_START,adaptive,ACTIVE,0.11832091522216798,,,,,
5470753853,2026-09-16T21:15:17.206429+00:00,CONTRACTION_RELEASE,adaptive,REFRACTORY,0.021645090103149415,,,,,
5470793980,2026-09-16T21:15:17.227205+00:00,CONTRACTION_RELEASE,fixed,REFRACTORY,0.026008840560913085,,,,,
5471154537,2026-09-16T21:15:17.592384+00:00,CONTRACTION_START,adaptive,ACTIVE,0.26657556152343753,,,,,
5471195223,2026-09-16T21:15:17.733769+00:00,CONTRACTION_START,fixed,ACTIVE,0.27235543823242186,,,,,
5472030221,2026-09-16T21:15:18.576626+00:00,CONTRACTION_RELEASE,adaptive,REFRACTORY,0.01630886650085449,,,,,
5472083334,2026-09-16T21:15:18.611324+00:00,CONTRACTION_RELEASE,fixed,REFRACTORY,0.023837242126464844,,,,,
5472432694,2026-09-16T21:15:18.987539+00:00,CONTRACTION_START,adaptive,ACTIVE,0.13559217834472656,,,,,
5472484969,2026-09-16T21:15:19.008369+00:00,CONTRACTION_START,fixed,ACTIVE,0.14059107971191406,,,,,
5473233942,2026-09-16T21:15:19.682111+00:00,CONTRACTION_RELEASE,adaptive,REFRACTORY,0.057691612243652345,,,,,
5473388597,2026-09-16T21:15:19.832283+00:00,CONTRACTION_RELEASE,fixed,REFRACTORY,0.03665887451171875,,,,,
5474237594,2026-09-16T21:15:20.737849+00:00,CONTRACTION_START,fixed,ACTIVE,0.585036376953125,,,,,
5474242831,2026-09-16T21:15:20.754782+00:00,CONTRACTION_START,adaptive,ACTIVE,0.5797214965820313,,,,,
5475368024,2026-09-16T21:15:21.951492+00:00,CONTRACTION_RELEASE,adaptive,REFRACTORY,0.018388530731201173,,,,,
5475373289,2026-09-16T21:15:21.966710+00:00,CONTRACTION_RELEASE,fixed,REFRACTORY,0.018870601654052736,,,,,
5482377421,2026-09-16T21:15:28.809382+00:00,CONTRACTION_START,fixed,ACTIVE,0.165250244140625,,,,,
5482413282,2026-09-16T21:15:28.935469+00:00,CONTRACTION_START,adaptive,ACTIVE,0.5318109130859375,,,,,
5483657884,2026-09-16T21:15:30.079058+00:00,CONTRACTION_RELEASE,adaptive,REFRACTORY,0.020684289932250976,,,,,
5483994015,2026-09-16T21:15:30.455919+00:00,CONTRACTION_RELEASE,fixed,REFRACTORY,0.03128339576721192,,,,,
5487652793,2026-09-16T21:15:34.076675+00:00,CONTRACTION_START,fixed,ACTIVE,1.050181640625,,,,,
5487653455,2026-09-16T21:15:34.096432+00:00,CONTRACTION_START,adaptive,ACTIVE,1.069715087890625,,,,,
5487866794,2026-09-16T21:15:34.412841+00:00,CONTRACTION_RELEASE,adaptive,REFRACTORY,0.02346638870239258,,,,,
5487883700,2026-09-16T21:15:34.442731+00:00,CONTRACTION_RELEASE,fixed,REFRACTORY,0.022033073425292968,,,,,
5490680082,2026-09-16T21:15:37.115882+00:00,CONTRACTION_START,fixed,ACTIVE,0.3573872985839844,,,,,
5490720787,2026-09-16T21:15:37.273969+00:00,CONTRACTION_START,adaptive,ACTIVE,1.09219677734375,,,,,
5492278043,2026-09-16T21:15:38.821806+00:00,CONTRACTION_RELEASE,adaptive,REFRACTORY,0.020341526031494143,,,,,
5492282733,2026-09-16T21:15:38.836418+00:00,CONTRACTION_RELEASE,fixed,REFRACTORY,0.02596937370300293,,,,,
5499135110,2026-09-16T21:15:45.548823+00:00,CONTRACTION_START,fixed,ACTIVE,1.1083504638671875,,,,,
5499136359,2026-09-16T21:15:45.573453+00:00,CONTRACTION_START,adaptive,ACTIVE,1.1207703857421876,,,,,
5500897036,2026-09-16T21:15:47.558634+00:00,CONTRACTION_RELEASE,adaptive,REFRACTORY,0.037157466888427734,,,,,
5501256410,2026-09-16T21:15:47.724206+00:00,CONTRACTION_RELEASE,fixed,REFRACTORY,0.033271663665771486,,,,,
5507434349,2026-09-16T21:15:53.851685+00:00,CONTRACTION_START,fixed,ACTIVE,1.05389013671875,,,,,
5507435478,2026-09-16T21:15:53.866691+00:00,CONTRACTION_START,adaptive,ACTIVE,1.0533145751953126,,,,,
5509562720,2026-09-16T21:15:56.037055+00:00,CONTRACTION_RELEASE,adaptive,REFRACTORY,0.04762449645996094,,,,,
5509583302,2026-09-16T21:15:56.053793+00:00,CONTRACTION_RELEASE,fixed,REFRACTORY,0.04452722930908203,,,,,
5515358948,2026-09-16T21:16:01.823682+00:00,CONTRACTION_START,fixed,ACTIVE,0.12256246948242187,,,,,
5515362703,2026-09-16T21:16:01.846866+00:00,CONTRACTION_START,adaptive,ACTIVE,0.11249700927734375,,,,,
5515478742,2026-09-16T21:16:02.043682+00:00,CONTRACTION_RELEASE,adaptive,REFRACTORY,0.02191935729980469,,,,,
5515510138,2026-09-16T21:16:02.057717+00:00,CONTRACTION_RELEASE,fixed,REFRACTORY,0.026441829681396484,,,,,
5515912691,2026-09-16T21:16:02.374639+00:00,CONTRACTION_START,fixed,ACTIVE,0.09010736846923828,,,,,
5516013883,2026-09-16T21:16:02.572968+00:00,CONTRACTION_START,adaptive,ACTIVE,0.15627548217773438,,,,,
5517056922,2026-09-16T21:16:03.629865+00:00,CONTRACTION_RELEASE,adaptive,REFRACTORY,0.038828857421875,,,,,
5517060422,2026-09-16T21:16:03.645299+00:00,CONTRACTION_RELEASE,fixed,REFRACTORY,0.03775584411621094,,,,,
5521078584,2026-09-16T21:16:07.520315+00:00,CONTRACTION_START,fixed,ACTIVE,0.09237004852294922,,,,,
5521140234,2026-09-16T21:16:07.701196+00:00,CONTRACTION_START,adaptive,ACTIVE,0.09420539855957032,,,,,
5521760096,2026-09-16T21:16:08.303976+00:00,CONTRACTION_RELEASE,adaptive,REFRACTORY,0.04142911529541016,,,,,
5521783991,2026-09-16T21:16:08.324598+00:00,CONTRACTION_RELEASE,fixed,REFRACTORY,0.03631229782104492,,,,,
5524390803,2026-09-16T21:16:10.916396+00:00,CONTRACTION_START,fixed,ACTIVE,0.75528515625,,,,,
5524390821,2026-09-16T21:16:10.934638+00:00,CONTRACTION_START,adaptive,ACTIVE,0.75528515625,,,,,
5525287478,2026-09-16T21:16:11.718321+00:00,CONTRACTION_RELEASE,adaptive,REFRACTORY,0.02919770622253418,,,,,
5525293901,2026-09-16T21:16:11.737818+00:00,CONTRACTION_RELEASE,fixed,REFRACTORY,0.031043373107910156,,,,,
5532342749,2026-09-16T21:16:18.859712+00:00,CONTRACTION_START,fixed,ACTIVE,0.1031827163696289,,,,,
5532342825,2026-09-16T21:16:18.882422+00:00,CONTRACTION_START,adaptive,ACTIVE,0.1031827163696289,,,,,
5533256358,2026-09-16T21:16:19.778495+00:00,CONTRACTION_RELEASE,fixed,REFRACTORY,0.031121772766113283,,,,,
5533257580,2026-09-16T21:16:19.804136+00:00,CONTRACTION_RELEASE,adaptive,REFRACTORY,0.031248889923095702,,,,,
5540635591,2026-09-16T21:16:27.121306+00:00,CONTRACTION_START,fixed,ACTIVE,0.6211763305664063,,,,,
5540635610,2026-09-16T21:16:27.144397+00:00,CONTRACTION_START,adaptive,ACTIVE,0.6211763305664063,,,,,
5541977687,2026-09-16T21:16:28.431706+00:00,CONTRACTION_RELEASE,fixed,REFRACTORY,0.013382840156555177,,,,,
5541978955,2026-09-16T21:16:28.449435+00:00,CONTRACTION_RELEASE,adaptive,REFRACTORY,0.01360211181640625,,,,,
5548742883,2026-09-16T21:16:35.216181+00:00,CONTRACTION_START,fixed,ACTIVE,0.30557330322265625,,,,,
5548742902,2026-09-16T21:16:35.231990+00:00,CONTRACTION_START,adaptive,ACTIVE,0.30557330322265625,,,,,
5550700193,2026-09-16T21:16:37.248876+00:00,CONTRACTION_RELEASE,fixed,REFRACTORY,0.02138016700744629,,,,,
5550700211,2026-09-16T21:16:37.266765+00:00,CONTRACTION_RELEASE,adaptive,REFRACTORY,0.02138016700744629,,,,,
5551103280,2026-09-16T21:16:37.586474+00:00,CONTRACTION_START,fixed,ACTIVE,0.08792526245117188,,,,,
5551103298,2026-09-16T21:16:37.605626+00:00,CONTRACTION_START,adaptive,ACTIVE,0.08792526245117188,,,,,
5552169076,2026-09-16T21:16:38.713548+00:00,CONTRACTION_RELEASE,fixed,REFRACTORY,0.043384094238281254,,,,,
5552169090,2026-09-16T21:16:38.728827+00:00,CONTRACTION_RELEASE,adaptive,REFRACTORY,0.043384094238281254,,,,,
5561235802,2026-09-16T21:16:47.902866+00:00,CONTRACTION_START,adaptive,ACTIVE,0.07823568725585937,,,,,
5561314899,2026-09-16T21:16:47.950673+00:00,CONTRACTION_START,fixed,ACTIVE,0.09723100280761719,,,,,
5561616106,2026-09-16T21:16:48.309045+00:00,CONTRACTION_RELEASE,fixed,REFRACTORY,0.02509866714477539,,,,,
5561616124,2026-09-16T21:16:48.346192+00:00,CONTRACTION_RELEASE,adaptive,REFRACTORY,0.02509866714477539,,,,,
5562888427,2026-09-16T21:16:49.333997+00:00,CONTRACTION_START,adaptive,ACTIVE,0.07947491455078125,,,,,
5562894325,2026-09-16T21:16:49.360119+00:00,CONTRACTION_START,fixed,ACTIVE,0.0816152801513672,,,,,
5563802695,2026-09-16T21:16:50.254631+00:00,CONTRACTION_RELEASE,fixed,REFRACTORY,0.03743706130981445,,,,,
5563802714,2026-09-16T21:16:50.287492+00:00,CONTRACTION_RELEASE,adaptive,REFRACTORY,0.03743706130981445,,,,,
5606086924,2026-09-16T21:17:32.652358+00:00,CONTRACTION_START,fixed,ACTIVE,0.07817508697509766,,,,,
5607137086,2026-09-16T21:17:33.622816+00:00,CONTRACTION_RELEASE,fixed,REFRACTORY,0.043917190551757815,,,,,
5608683342,2026-09-16T21:17:35.187477+00:00,CONTRACTION_START,fixed,ACTIVE,0.08981298065185547,,,,,
5609033978,2026-09-16T21:17:35.435422+00:00,CONTRACTION_RELEASE,fixed,REFRACTORY,0.016066001892089843,,,,,
5612364791,2026-09-16T21:17:38.884488+00:00,CONTRACTION_START,fixed,ACTIVE,0.10957898712158204,,,,,
5612413902,2026-09-16T21:17:38.913318+00:00,CONTRACTION_START,adaptive,ACTIVE,0.2574075927734375,,,,,
5612579927,2026-09-16T21:17:39.156497+00:00,CONTRACTION_RELEASE,adaptive,REFRACTORY,0.037348011016845706,,,,,
5612586922,2026-09-16T21:17:39.176899+00:00,CONTRACTION_RELEASE,fixed,REFRACTORY,0.03152227783203125,,,,,
5613968544,2026-09-16T21:17:40.445123+00:00,CONTRACTION_START,fixed,ACTIVE,1.56998095703125,,,,,
5613968563,2026-09-16T21:17:40.490484+00:00,CONTRACTION_START,adaptive,ACTIVE,1.56998095703125,,,,,
5614752692,2026-09-16T21:17:41.298451+00:00,CONTRACTION_RELEASE,adaptive,REFRACTORY,0.023873273849487304,,,,,
5615153872,2026-09-16T21:17:41.620169+00:00,CONTRACTION_START,adaptive,ACTIVE,0.23954357910156251,,,,,
5616527138,2026-09-16T21:17:43.048241+00:00,CONTRACTION_RELEASE,adaptive,REFRACTORY,0.036962825775146486,,,,,
5616583594,2026-09-16T21:17:43.093564+00:00,CONTRACTION_RELEASE,fixed,REFRACTORY,0.03263771438598633,,,,,
5616929546,2026-09-16T21:17:43.572202+00:00,CONTRACTION_START,adaptive,ACTIVE,0.1438347930908203,,,,,
5616984264,2026-09-16T21:17:43.602248+00:00,CONTRACTION_START,fixed,ACTIVE,0.15917625427246093,,,,,
5617937875,2026-09-16T21:17:44.573047+00:00,CONTRACTION_RELEASE,adaptive,REFRACTORY,0.03315179061889648,,,,,
5618014636,2026-09-16T21:17:44.611029+00:00,CONTRACTION_RELEASE,fixed,REFRACTORY,0.025124103546142577,,,,,
5618415857,2026-09-16T21:17:44.890216+00:00,CONTRACTION_START,fixed,ACTIVE,0.08768561553955079,,,,,
5618753105,2026-09-16T21:17:45.184017+00:00,CONTRACTION_RELEASE,fixed,REFRACTORY,0.0286481876373291,,,,,
5618972939,2026-09-16T21:17:45.481025+00:00,CONTRACTION_START,adaptive,ACTIVE,0.12524523162841797,,,,,
5619153836,2026-09-16T21:17:45.723507+00:00,CONTRACTION_START,fixed,ACTIVE,0.19263327026367189,,,,,
5619769587,2026-09-16T21:17:46.266873+00:00,CONTRACTION_RELEASE,adaptive,REFRACTORY,0.04034506988525391,,,,,
5619810298,2026-09-16T21:17:46.317298+00:00,CONTRACTION_RELEASE,fixed,REFRACTORY,0.025024126052856446,,,,,
5620173137,2026-09-16T21:17:46.657037+00:00,CONTRACTION_START,adaptive,ACTIVE,0.11829019165039063,,,,,
5620212720,2026-09-16T21:17:46.887966+00:00,CONTRACTION_START,fixed,ACTIVE,0.13694140625,,,,,
5620973286,2026-09-16T21:17:47.607394+00:00,CONTRACTION_RELEASE,adaptive,REFRACTORY,0.027620355606079103,,,,,
5621018674,2026-09-16T21:17:47.635010+00:00,CONTRACTION_RELEASE,fixed,REFRACTORY,0.015377047538757325,,,,,
5621374558,2026-09-16T21:17:47.951983+00:00,CONTRACTION_START,adaptive,ACTIVE,0.1044176025390625,,,,,
5621419896,2026-09-16T21:17:47.993637+00:00,CONTRACTION_START,fixed,ACTIVE,0.09831014251708985,,,,,
5621809494,2026-09-16T21:17:48.266639+00:00,CONTRACTION_RELEASE,adaptive,REFRACTORY,0.024897825241088866,,,,,
5621853281,2026-09-16T21:17:48.529228+00:00,CONTRACTION_RELEASE,fixed,REFRACTORY,0.01539185905456543,,,,,
5622482859,2026-09-16T21:17:49.014530+00:00,CONTRACTION_START,fixed,ACTIVE,0.08567523956298828,,,,,
5622735262,2026-09-16T21:17:49.365211+00:00,CONTRACTION_START,adaptive,ACTIVE,0.11690303039550781,,,,,
5623259753,2026-09-16T21:17:50.038395+00:00,CONTRACTION_RELEASE,adaptive,REFRACTORY,0.02732461166381836,,,,,
5623319065,2026-09-16T21:17:50.086019+00:00,CONTRACTION_RELEASE,fixed,REFRACTORY,0.022944013595581056,,,,,
5624189011,2026-09-16T21:17:50.693061+00:00,CONTRACTION_START,fixed,ACTIVE,0.09911272430419922,,,,,
5624247135,2026-09-16T21:17:50.713857+00:00,CONTRACTION_START,adaptive,ACTIVE,0.1011952133178711,,,,,
5624525112,2026-09-16T21:17:51.099328+00:00,CONTRACTION_RELEASE,adaptive,REFRACTORY,0.03624343109130859,,,,,
5624590248,2026-09-16T21:17:51.121345+00:00,CONTRACTION_RELEASE,fixed,REFRACTORY,0.03372266006469726,,,,,
5642883044,2026-09-16T21:18:24.627835+00:00,CONTRACTION_START,fixed,ACTIVE,0.09595114135742187,,,,,
5642943874,2026-09-16T21:18:24.660015+00:00,CONTRACTION_START,adaptive,ACTIVE,0.11939267730712891,,,,,
5643573906,2026-09-16T21:18:26.957444+00:00,CONTRACTION_RELEASE,adaptive,REFRACTORY,0.04528506088256836,,,,,
5643975162,2026-09-16T21:18:27.042596+00:00,CONTRACTION_START,adaptive,ACTIVE,0.3477610473632813,,,,,
5644649659,2026-09-16T21:18:27.138626+00:00,CONTRACTION_RELEASE,adaptive,REFRACTORY,0.020182289123535157,,,,,
5644674100,2026-09-16T21:18:27.159496+00:00,CONTRACTION_RELEASE,fixed,REFRACTORY,0.0276590576171875,,,,,
5645050891,2026-09-16T21:18:27.223980+00:00,CONTRACTION_START,adaptive,ACTIVE,0.17801954650878907,,,,,
5645075336,2026-09-16T21:18:27.253578+00:00,CONTRACTION_START,fixed,ACTIVE,0.19426042175292968,,,,,
5646103420,2026-09-16T21:18:28.874423+00:00,CONTRACTION_RELEASE,adaptive,REFRACTORY,0.030937702178955077,,,,,
5646140625,2026-09-16T21:18:28.906091+00:00,CONTRACTION_RELEASE,fixed,REFRACTORY,0.027361204147338867,,,,,
5672614008,2026-09-16T21:18:43.844158+00:00,CONTRACTION_START,adaptive,ACTIVE,0.0805713119506836,,,,,
5672654704,2026-09-16T21:18:43.875755+00:00,CONTRACTION_START,fixed,ACTIVE,0.1113763885498047,,,,,
5673572689,2026-09-16T21:18:44.001775+00:00,CONTRACTION_RELEASE,fixed,REFRACTORY,0.023807212829589846,,,,,
5673593847,2026-09-16T21:18:44.034257+00:00,CONTRACTION_RELEASE,adaptive,REFRACTORY,0.027646577835083008,,,,,
5673973880,2026-09-16T21:18:44.100451+00:00,CONTRACTION_START,fixed,ACTIVE,0.12839584350585936,,,,,
5673994495,2026-09-16T21:18:44.127171+00:00,CONTRACTION_START,adaptive,ACTIVE,0.129053955078125,,,,,
5675340077,2026-09-16T21:18:44.495469+00:00,CONTRACTION_RELEASE,fixed,REFRACTORY,0.03611651229858399,,,,,
5675438915,2026-09-16T21:18:44.526392+00:00,CONTRACTION_RELEASE,adaptive,REFRACTORY,0.017237483978271486,,,,,
5676028563,2026-09-16T21:18:44.605391+00:00,CONTRACTION_START,adaptive,ACTIVE,0.06215481185913086,,,,,
5676969421,2026-09-16T21:18:44.662007+00:00,CONTRACTION_RELEASE,adaptive,REFRACTORY,0.027415210723876954,,,,,
5690109002,2026-09-16T21:19:08.360859+00:00,CONTRACTION_START,adaptive,ACTIVE,0.05821017837524414,,,,,
5690945220,2026-09-16T21:19:08.487923+00:00,CONTRACTION_RELEASE,adaptive,REFRACTORY,0.01701030158996582,,,,,
5691356900,2026-09-16T21:19:08.556893+00:00,CONTRACTION_START,adaptive,ACTIVE,0.05835500717163086,,,,,
5692398956,2026-09-16T21:19:08.688706+00:00,CONTRACTION_RELEASE,adaptive,REFRACTORY,0.02333987617492676,,,,,
5715035592,2026-09-16T21:19:27.497297+00:00,CONTRACTION_START,adaptive,ACTIVE,0.8728839111328125,,,,,
5715039074,2026-09-16T21:19:27.529600+00:00,CONTRACTION_START,fixed,ACTIVE,0.9149500122070313,,,,,
5715583963,2026-09-16T21:19:27.619290+00:00,CONTRACTION_RELEASE,fixed,REFRACTORY,0.039893688201904295,,,,,
5715885769,2026-09-16T21:19:27.673523+00:00,CONTRACTION_RELEASE,adaptive,REFRACTORY,0.022916046142578125,,,,,
5716318377,2026-09-16T21:19:27.753194+00:00,CONTRACTION_START,adaptive,ACTIVE,0.07099388885498047,,,,,
5718166373,2026-09-16T21:19:28.117770+00:00,CONTRACTION_RELEASE,adaptive,REFRACTORY,0.020034339904785158,,,,,
5750552711,2026-09-16T21:20:12.779663+00:00,CONTRACTION_START,adaptive,ACTIVE,0.04099119186401367,,,,,
5751694531,2026-09-16T21:20:12.912872+00:00,CONTRACTION_RELEASE,adaptive,REFRACTORY,0.02160434150695801,,,,,
5752976127,2026-09-16T21:20:17.154922+00:00,CONTRACTION_START,adaptive,ACTIVE,0.05410914993286133,,,,,
5753123885,2026-09-16T21:20:17.198768+00:00,CONTRACTION_START,fixed,ACTIVE,0.08625751495361328,,,,,
5753707657,2026-09-16T21:20:17.274093+00:00,CONTRACTION_RELEASE,fixed,REFRACTORY,0.02773686218261719,,,,,
5754996263,2026-09-16T21:20:17.425325+00:00,CONTRACTION_RELEASE,adaptive,REFRACTORY,0.019974809646606445,,,,,
5755312691,2026-09-16T21:20:17.479703+00:00,CONTRACTION_START,fixed,ACTIVE,0.09678022003173828,,,,,
5755397489,2026-09-16T21:20:17.517453+00:00,CONTRACTION_START,adaptive,ACTIVE,0.13718545532226561,,,,,
5756112723,2026-09-16T21:20:17.617967+00:00,CONTRACTION_RELEASE,fixed,REFRACTORY,0.03651412582397461,,,,,
5756513418,2026-09-16T21:20:17.679239+00:00,CONTRACTION_START,fixed,ACTIVE,0.16725677490234375,,,,,
5757439746,2026-09-16T21:20:21.624230+00:00,CONTRACTION_RELEASE,fixed,REFRACTORY,0.022652595520019532,,,,,
5757536255,2026-09-16T21:20:21.666593+00:00,CONTRACTION_RELEASE,adaptive,REFRACTORY,0.023430265426635743,,,,,
5757840973,2026-09-16T21:20:21.734365+00:00,CONTRACTION_START,fixed,ACTIVE,0.10980399322509767,,,,,
5757938651,2026-09-16T21:20:21.778969+00:00,CONTRACTION_START,adaptive,ACTIVE,0.10044886779785156,,,,,
5758838812,2026-09-16T21:20:21.915846+00:00,CONTRACTION_RELEASE,fixed,REFRACTORY,0.027066429138183596,,,,,
5759240048,2026-09-16T21:20:21.996065+00:00,CONTRACTION_START,fixed,ACTIVE,0.12060110473632812,,,,,
5759653508,2026-09-16T21:20:25.083179+00:00,CONTRACTION_RELEASE,fixed,REFRACTORY,0.021072454452514648,,,,,
5760055318,2026-09-16T21:20:25.156876+00:00,CONTRACTION_START,fixed,ACTIVE,0.24832666015625002,,,,,
5760898500,2026-09-16T21:20:25.266896+00:00,CONTRACTION_RELEASE,fixed,REFRACTORY,0.012238803863525391,,,,,
5760957799,2026-09-16T21:20:25.297957+00:00,CONTRACTION_RELEASE,adaptive,REFRACTORY,0.0257496395111084,,,,,
5761359032,2026-09-16T21:20:25.372770+00:00,CONTRACTION_START,adaptive,ACTIVE,0.06047130584716797,,,,,
5761928904,2026-09-16T21:20:25.468170+00:00,CONTRACTION_START,fixed,ACTIVE,0.08412290954589843,,,,,
5762467398,2026-09-16T21:20:29.134627+00:00,CONTRACTION_RELEASE,fixed,REFRACTORY,0.04020555114746094,,,,,
5762684883,2026-09-16T21:20:29.185500+00:00,CONTRACTION_RELEASE,adaptive,REFRACTORY,0.025475101470947267,,,,,
5763086129,2026-09-16T21:20:29.251876+00:00,CONTRACTION_START,adaptive,ACTIVE,0.08166785430908204,,,,,
5763296592,2026-09-16T21:20:29.302944+00:00,CONTRACTION_START,fixed,ACTIVE,0.11020650482177735,,,,,
5763444314,2026-09-16T21:20:29.355502+00:00,CONTRACTION_RELEASE,fixed,REFRACTORY,0.023760278701782225,,,,,
5763845570,2026-09-16T21:20:29.465118+00:00,CONTRACTION_START,fixed,ACTIVE,0.11554479217529297,,,,,
5764053277,2026-09-16T21:20:29.525364+00:00,CONTRACTION_RELEASE,fixed,REFRACTORY,0.022630548477172854,,,,,
5765017820,2026-09-16T21:20:29.701898+00:00,CONTRACTION_START,fixed,ACTIVE,0.10502753448486328,,,,,
5765513864,2026-09-16T21:20:29.829062+00:00,CONTRACTION_RELEASE,fixed,REFRACTORY,0.016118247985839843,,,,,
5765552833,2026-09-16T21:20:29.893530+00:00,CONTRACTION_RELEASE,adaptive,REFRACTORY,0.02051040840148926,,,,,
5765953473,2026-09-16T21:20:30.009711+00:00,CONTRACTION_START,adaptive,ACTIVE,0.07529514312744141,,,,,
